{"9V": 6.897666829423673e-10, "4A": 2.8355404058241973e-09, "8S": 1.9372050795069957e-07, "8K": 2.3335470382290436e-06, "5P": 5.896057559149326e-07, "4A8K": 7.10598072380355e-07, "4A5A": 1.557498703614223e-05, "4A5P8K": 8.664637745488381e-07, "5Y": 9.478647661641963e-08, "6T": 2.5553535514082453e-08, "5F": 1.777314689926513e-05, "aCD3_aCD28": 1.6831247725096087e-10}