{"Daniels 2006":{"N4":1.0,"A2":null,"Y3":null,"Q4":39.0,"Q7":268.0,"T4":122.0,"V4":1419.0,"G4":7515.0,"E1":56524.0},"Zehn 2009":{"N4":1.0,"A2":2.7,"Y3":4.1,"Q4":18.3,"Q7":null,"T4":70.7,"V4":680.0,"G4":null,"E1":null},"Achar 2020":{"N4":1.0,"A2":2.4,"Y3":7.6,"Q4":21.5,"Q7":null,"T4":150.0,"V4":1336.0,"G4":28292.0,"E1":null},"Achar 2021":{"N4":1.0,"A2":3.0528154714,"Y3":12.2309950862,"Q4":14.1363369453,"Q7":null,"T4":53.4516433139,"V4":6496.6850565433,"G4":164593.8162991725,"E1":477593.2596098757}}